<?xml version="1.0" encoding="UTF-8"?>
<suite name="SmokeTest" verbose="1" >
	<listeners>
		 
      <listener class-name="com.GE.automation.listeners.ExtentReporterNG" />
         <!--   <listener class-name="com.GE.automation.listeners.TestListener" />
         <listener class-name="com.GE.automation.listeners.CustomFailureListener"/>-->
    </listeners>
  <test name="RC2 Smoke Suite" >
    <classes>
      <!-- <class name="com.RC2.SmokeSuite.TC3992_MenuNotePad"/>
      <class name="com.RC2.SmokeSuite.TC4002_VisualTrainsLink"/>-->
      <class name="com.RC2.SmokeSuite.TC4015_SignOff"/> 
       <!--<class name="com.RC2.TestSuite.debug"/>-->
    </classes>
 </test>
</suite>